{
  "0": {
    "mean": 23.774730682373047,
    "std": 0.0,
    "min": 23.774730682373047,
    "max": 23.774730682373047,
    "samples": [
      23.774730682373047
    ]
  },
  "1": {
    "mean": 23.33888816833496,
    "std": 0.0,
    "min": 23.33888816833496,
    "max": 23.33888816833496,
    "samples": [
      23.33888816833496
    ]
  },
  "2": {
    "mean": 25.357666015625,
    "std": 0.0,
    "min": 25.357666015625,
    "max": 25.357666015625,
    "samples": [
      25.357666015625
    ]
  },
  "3": {
    "mean": 20.645858764648438,
    "std": 0.0,
    "min": 20.645858764648438,
    "max": 20.645858764648438,
    "samples": [
      20.645858764648438
    ]
  },
  "4": {
    "mean": 20.8968563079834,
    "std": 0.0,
    "min": 20.8968563079834,
    "max": 20.8968563079834,
    "samples": [
      20.8968563079834
    ]
  },
  "5": {
    "mean": 21.744400024414062,
    "std": 0.0,
    "min": 21.744400024414062,
    "max": 21.744400024414062,
    "samples": [
      21.744400024414062
    ]
  },
  "6": {
    "mean": 23.406757354736328,
    "std": 0.0,
    "min": 23.406757354736328,
    "max": 23.406757354736328,
    "samples": [
      23.406757354736328
    ]
  },
  "7": {
    "mean": 23.284164428710938,
    "std": 0.0,
    "min": 23.284164428710938,
    "max": 23.284164428710938,
    "samples": [
      23.284164428710938
    ]
  },
  "8": {
    "mean": 22.182331085205078,
    "std": 0.0,
    "min": 22.182331085205078,
    "max": 22.182331085205078,
    "samples": [
      22.182331085205078
    ]
  },
  "9": {
    "mean": 22.71144676208496,
    "std": 0.0,
    "min": 22.71144676208496,
    "max": 22.71144676208496,
    "samples": [
      22.71144676208496
    ]
  },
  "10": {
    "mean": 23.80953025817871,
    "std": 0.0,
    "min": 23.80953025817871,
    "max": 23.80953025817871,
    "samples": [
      23.80953025817871
    ]
  },
  "11": {
    "mean": 21.35076332092285,
    "std": 0.0,
    "min": 21.35076332092285,
    "max": 21.35076332092285,
    "samples": [
      21.35076332092285
    ]
  },
  "12": {
    "mean": 22.155502319335938,
    "std": 0.0,
    "min": 22.155502319335938,
    "max": 22.155502319335938,
    "samples": [
      22.155502319335938
    ]
  },
  "13": {
    "mean": 22.57575035095215,
    "std": 0.0,
    "min": 22.57575035095215,
    "max": 22.57575035095215,
    "samples": [
      22.57575035095215
    ]
  },
  "14": {
    "mean": 22.093103408813477,
    "std": 0.0,
    "min": 22.093103408813477,
    "max": 22.093103408813477,
    "samples": [
      22.093103408813477
    ]
  },
  "15": {
    "mean": 23.063447952270508,
    "std": 0.0,
    "min": 23.063447952270508,
    "max": 23.063447952270508,
    "samples": [
      23.063447952270508
    ]
  },
  "16": {
    "mean": 22.071979522705078,
    "std": 0.0,
    "min": 22.071979522705078,
    "max": 22.071979522705078,
    "samples": [
      22.071979522705078
    ]
  },
  "17": {
    "mean": 22.785280227661133,
    "std": 0.0,
    "min": 22.785280227661133,
    "max": 22.785280227661133,
    "samples": [
      22.785280227661133
    ]
  },
  "18": {
    "mean": 23.617652893066406,
    "std": 0.0,
    "min": 23.617652893066406,
    "max": 23.617652893066406,
    "samples": [
      23.617652893066406
    ]
  },
  "19": {
    "mean": 23.244840621948242,
    "std": 0.0,
    "min": 23.244840621948242,
    "max": 23.244840621948242,
    "samples": [
      23.244840621948242
    ]
  },
  "20": {
    "mean": 22.786901473999023,
    "std": 0.0,
    "min": 22.786901473999023,
    "max": 22.786901473999023,
    "samples": [
      22.786901473999023
    ]
  },
  "21": {
    "mean": 23.20793914794922,
    "std": 0.0,
    "min": 23.20793914794922,
    "max": 23.20793914794922,
    "samples": [
      23.20793914794922
    ]
  },
  "22": {
    "mean": 22.19374656677246,
    "std": 0.0,
    "min": 22.19374656677246,
    "max": 22.19374656677246,
    "samples": [
      22.19374656677246
    ]
  },
  "23": {
    "mean": 23.08926773071289,
    "std": 0.0,
    "min": 23.08926773071289,
    "max": 23.08926773071289,
    "samples": [
      23.08926773071289
    ]
  }
}